<?xml version="1.0" encoding="UTF-8"?>
<project-private xmlns="http://www.netbeans.org/ns/project-private/1">
    <editor-bookmarks xmlns="http://www.netbeans.org/ns/editor-bookmarks/2" lastBookmarkId="0"/>
    <open-files xmlns="http://www.netbeans.org/ns/projectui-open-files/2">
        <group>
            <file>file:/C:/Users/USUARIO/Downloads/Borrar/Analizador_Lexico_JFlex/src/CODIGO/Interfáz.java</file>
            <file>file:/C:/Users/USUARIO/Downloads/Borrar/Analizador_Lexico_JFlex/src/CODIGO/Principal.java</file>
            <file>file:/C:/Users/USUARIO/Downloads/Borrar/Analizador_Lexico_JFlex/src/CODIGO/Tokens.java</file>
            <file>file:/C:/Users/USUARIO/Downloads/Borrar/Analizador_Lexico_JFlex/src/CODIGO/Lexer.java</file>
            <file>file:/C:/Users/USUARIO/Downloads/Borrar/Analizador_Lexico_JFlex/src/CODIGO/Lexico.flex</file>
            <file>file:/C:/Users/USUARIO/Downloads/Borrar/Analizador_Lexico_JFlex/src/CODIGO/Analizador.java</file>
        </group>
    </open-files>
</project-private>
