<?xml version="1.0" encoding="UTF-8"?>
<project-private xmlns="http://www.netbeans.org/ns/project-private/1">
    <editor-bookmarks xmlns="http://www.netbeans.org/ns/editor-bookmarks/2" lastBookmarkId="0"/>
    <open-files xmlns="http://www.netbeans.org/ns/projectui-open-files/2">
        <group>
            <file>file:/C:/Users/julia/OneDrive/Documentos/NetBeansProjects/Analizador_Lexico_Codigo%20(2)/Analizador_Lexico_Codigo/src/CODIGO/AnalizadorSintactico.java</file>
            <file>file:/C:/Users/julia/OneDrive/Documentos/NetBeansProjects/Analizador_Lexico_Codigo%20(2)/Analizador_Lexico_Codigo/src/CODIGO/TokenType.java</file>
            <file>file:/C:/Users/julia/OneDrive/Documentos/NetBeansProjects/Analizador_Lexico_Codigo%20(2)/Analizador_Lexico_Codigo/src/CODIGO/Interfáz.java</file>
            <file>file:/C:/Users/julia/OneDrive/Documentos/NetBeansProjects/Analizador_Lexico_Codigo%20(2)/Analizador_Lexico_Codigo/src/CODIGO/SyntaxError.java</file>
        </group>
    </open-files>
</project-private>
